<?xml version="1.0"?>
<MediaFile xmlns:dt="urn:schemas-microsoft-com:datatypes"><Reports><Report><RenderTime>0</RenderTime><ProcessVideo dt:dt="int">0</ProcessVideo><ProcessAudio dt:dt="int">1</ProcessAudio><HasVideo dt:dt="int">0</HasVideo><HasAudio dt:dt="int">1</HasAudio><NumWarnings>5</NumWarnings><NumErrors>0</NumErrors><FilterBlocks><FilterBlock><ID>54136252</ID><Source dt:dt="string">{E436EBB5-524F-11CE-9F53-0020AF0BA770}</Source><SourceFriendlyName dt:dt="string">File Source (Async.)</SourceFriendlyName><LookupType dt:dt="int">2</LookupType><NumWarnings>1</NumWarnings><NumErrors>0</NumErrors><Connections><Connection><ConnectedToID>459152476</ConnectedToID><ConnectedToGuid dt:dt="string">{D51BD5A1-7548-11CF-A520-0080C77EF58A}</ConnectedToGuid><ConnectedToFriendly dt:dt="string">Wave Parser</ConnectedToFriendly><Direction dt:dt="int">0</Direction><MajorType dt:dt="string">{E436EB83-524F-11CE-9F53-0020AF0BA770}</MajorType><MajorTypeFriendly dt:dt="string">MEDIATYPE_Stream</MajorTypeFriendly><SubType dt:dt="string">{E436EB8B-524F-11CE-9F53-0020AF0BA770}</SubType><SubTypeFriendly dt:dt="string">MEDIASUBTYPE_WAVE</SubTypeFriendly></Connection></Connections><Messages><Message><Type dt:dt="int">1</Type><Number>1007</Number><Message dt:dt="string">Found file extension through AutoConnect.  Run RenderFile in CodecConfig to map the extension.</Message></Message></Messages><Pins><Pin><Direction dt:dt="int">1</Direction><MediaTypes><MediaType><MajorType dt:dt="string">{E436EB83-524F-11CE-9F53-0020AF0BA770}</MajorType><MajorTypeFriendly dt:dt="string">MEDIATYPE_Stream</MajorTypeFriendly><SubType dt:dt="string">{E436EB8B-524F-11CE-9F53-0020AF0BA770}</SubType><SubTypeFriendly dt:dt="string">MEDIASUBTYPE_WAVE</SubTypeFriendly></MediaType><MediaType><MajorType dt:dt="string">{E436EB83-524F-11CE-9F53-0020AF0BA770}</MajorType><MajorTypeFriendly dt:dt="string">MEDIATYPE_Stream</MajorTypeFriendly><SubType dt:dt="string">{00000000-0000-0000-0000-000000000000}</SubType><SubTypeFriendly dt:dt="string"></SubTypeFriendly></MediaType></MediaTypes></Pin></Pins></FilterBlock><FilterBlock><ID>459152476</ID><Source dt:dt="string">{D51BD5A1-7548-11CF-A520-0080C77EF58A}</Source><SourceFriendlyName dt:dt="string">Wave Parser</SourceFriendlyName><LookupType dt:dt="int">2</LookupType><NumWarnings>4</NumWarnings><NumErrors>0</NumErrors><Connections><Connection><ConnectedToID>54136252</ConnectedToID><ConnectedToGuid dt:dt="string">{E436EBB5-524F-11CE-9F53-0020AF0BA770}</ConnectedToGuid><ConnectedToFriendly dt:dt="string">File Source (Async.)</ConnectedToFriendly><Direction dt:dt="int">1</Direction><MajorType dt:dt="string">{E436EB83-524F-11CE-9F53-0020AF0BA770}</MajorType><MajorTypeFriendly dt:dt="string">MEDIATYPE_Stream</MajorTypeFriendly><SubType dt:dt="string">{E436EB8B-524F-11CE-9F53-0020AF0BA770}</SubType><SubTypeFriendly dt:dt="string">MEDIASUBTYPE_WAVE</SubTypeFriendly></Connection></Connections><Messages><Message><Type dt:dt="int">1</Type><Number>1000</Number><Message dt:dt="string">Mapping not available for MEDIATYPE_Stream ({E436EB83-524F-11CE-9F53-0020AF0BA770}) / MEDIASUBTYPE_WAVE ({E436EB8B-524F-11CE-9F53-0020AF0BA770})</Message></Message><Message><Type dt:dt="int">1</Type><Number>1008</Number><Message dt:dt="string">Found media type through AutoConnect.  Run RenderFile in CodecConfig to map the extension.</Message></Message><Message><Type dt:dt="int">0</Type><Number>1000</Number><Message dt:dt="string">1 Attempting to create codec: RDP DShow Redirection Filter ({AB9D6472-752F-43F6-B29E-61207BDA8E06})</Message></Message><Message><Type dt:dt="int">0</Type><Number>1008</Number><Message dt:dt="string">Filter is NOT a DMO</Message></Message><Message><Type dt:dt="int">1</Type><Number>1000</Number><Message dt:dt="string">Code Create Failed with 0x80004005</Message></Message><Message><Type dt:dt="int">0</Type><Number>1000</Number><Message dt:dt="string">1 Attempting to create codec:  ({136DCBF5-3874-4B70-AE3E-15997D6334F7})</Message></Message><Message><Type dt:dt="int">0</Type><Number>1008</Number><Message dt:dt="string">Filter is NOT a DMO</Message></Message><Message><Type dt:dt="int">1</Type><Number>1000</Number><Message dt:dt="string">Could not connect output to input codec 0x80040265</Message></Message><Message><Type dt:dt="int">0</Type><Number>1000</Number><Message dt:dt="string">1 Attempting to create codec: Wave Parser ({D51BD5A1-7548-11CF-A520-0080C77EF58A})</Message></Message><Message><Type dt:dt="int">0</Type><Number>1008</Number><Message dt:dt="string">Filter is NOT a DMO</Message></Message><Message><Type dt:dt="int">0</Type><Number>1000</Number><Message dt:dt="string">Success connecting output to input pin</Message></Message></Messages><Pins><Pin><Direction dt:dt="int">1</Direction><MediaTypes><MediaType><MajorType dt:dt="string">{73647561-0000-0010-8000-00AA00389B71}</MajorType><MajorTypeFriendly dt:dt="string">MEDIATYPE_Audio</MajorTypeFriendly><SubType dt:dt="string">{00000001-0000-0010-8000-00AA00389B71}</SubType><SubTypeFriendly dt:dt="string">MEDIASUBTYPE_PCM</SubTypeFriendly></MediaType></MediaTypes></Pin><Pin><Direction dt:dt="int">0</Direction><MediaTypes/></Pin></Pins></FilterBlock><FilterBlock><ID>194953332</ID><Source dt:dt="string">{E30629D3-27E5-11CE-875D-00608CB78066}</Source><SourceFriendlyName dt:dt="string">CLSID_TextRender</SourceFriendlyName><LookupType dt:dt="int">0</LookupType><NumWarnings>0</NumWarnings><NumErrors>0</NumErrors><Connections><Connection><ConnectedToID>459152476</ConnectedToID><ConnectedToGuid dt:dt="string">{D51BD5A1-7548-11CF-A520-0080C77EF58A}</ConnectedToGuid><ConnectedToFriendly dt:dt="string">Wave Parser</ConnectedToFriendly><Direction dt:dt="int">1</Direction><MajorType dt:dt="string">{00000000-0000-0000-0000-000000000000}</MajorType><MajorTypeFriendly dt:dt="string"></MajorTypeFriendly><SubType dt:dt="string">{00000000-0000-0000-0000-000000000000}</SubType><SubTypeFriendly dt:dt="string"></SubTypeFriendly></Connection></Connections><Messages/><Pins><Pin><Direction dt:dt="int">0</Direction><MediaTypes/></Pin></Pins></FilterBlock></FilterBlocks><Speeders><Speeder><Index dt:dt="int">1</Index><Micro dt:dt="int">18</Micro></Speeder><Speeder><Index dt:dt="int">101</Index><Micro dt:dt="int">12</Micro></Speeder><Speeder><Index dt:dt="int">151</Index><Micro dt:dt="int">0</Micro></Speeder><Speeder><Index dt:dt="int">161</Index><Micro dt:dt="int">0</Micro></Speeder><Speeder><Index dt:dt="int">171</Index><Micro dt:dt="int">0</Micro></Speeder></Speeders></Report></Reports></MediaFile>
